Workbook

Sheet Average
A1: Name | B1: Average of averages:
A2: Order: ScanLine | B2: =AVERAGEA(bottlesRotated!B11,bottles!B11,egsr1.png!B11,zmrzka.jpg!B11,poupe.jpg!B11,masa512!$B$11,Citron!B11,Pelican!B11) -> 5895551.8
A3: Order: ZigZag scan | B3: =AVERAGEA(bottlesRotated!B12,bottles!B12,egsr1.png!B12,zmrzka.jpg!B12,poupe.jpg!B12,masa512!$B$11,Citron!B12,Pelican!B12) -> 5880913.5
A4: Order: Rectangle Spiral | B4: =AVERAGEA(bottlesRotated!B13,bottles!B13,egsr1.png!B13,zmrzka.jpg!B13,poupe.jpg!B13,masa512!$B$11,Citron!B13,Pelican!B13) -> 6002625.9
A5: Order: Z-order Curve | B5: =AVERAGEA(bottlesRotated!B14,bottles!B14,egsr1.png!B14,zmrzka.jpg!B14,poupe.jpg!B14,masa512!$B$11,Citron!B14,Pelican!B14) -> 7065465.2
A6: Order: Peano Curve | B6: =AVERAGEA(bottlesRotated!B15,bottles!B15,egsr1.png!B15,zmrzka.jpg!B15,poupe.jpg!B15,masa512!$B$11,Citron!B15,Pelican!B15) -> 6575748.5
A7: Order: Hilbert Curve | B7: =AVERAGEA(bottlesRotated!B16,bottles!B16,egsr1.png!B16,zmrzka.jpg!B16,poupe.jpg!B16,masa512!$B$11,Citron!B16,Pelican!B16) -> 6384121.7

Sheet Pelican
B1: Grayscale | D1: Red | F1: Green | H1: Blue
A2: Name | B2: Entropy total | C2: Entropy Average | D2: Entropy total | E2: Entropy Average | F2: Entropy total | G2: Entropy Average | H2: Entropy total | I2: Entropy Average
A3: Order: ScanLine | B3: 8519319 | C3: 2.95 | D3: 8719401 | E3: 3.02 | F3: 8786553 | G3: 3.04 | H3: 8958120 | I3: 3.1
A4: Order: ZigZag scan | B4: 8510395 | C4: 2.95 | D4: 8710853 | E4: 3.02 | F4: 8777120 | G4: 3.04 | H4: 8953380 | I4: 3.1
A5: Order: Rectangle Spiral | B5: 9208858 | C5: 3.19 | D5: 9394022 | E5: 3.25 | F5: 9482448 | G5: 3.29 | H5: 9573727 | I5: 3.32
A6: Order: Z-order Curve | B6: 11370905 | C6: 3.94 | D6: 11336422 | E6: 3.93 | F6: 11596142 | G6: 4.02 | H6: 11279910 | I6: 3.91
A7: Order: Peano Curve | B7: 10437538 | C7: 3.62 | D7: 10501427 | E7: 3.64 | F7: 10713695 | G7: 3.71 | H7: 10580722 | I7: 3.67
A8: Order: Hilbert Curve | B8: 10034896 | C8: 3.48 | D8: 10075763 | E8: 3.49 | F8: 10271287 | G8: 3.56 | H8: 10152741 | I8: 3.52
A10: Name | B10: Average Entropy
A11: Order: ScanLine | B11: 8745848.2
A12: Order: ZigZag scan | B12: 8737937
A13: Order: Rectangle Spiral | B13: 9414763.8
A14: Order: Z-order Curve | B14: 11395845
A15: Order: Peano Curve | B15: 10558346
A16: Order: Hilbert Curve | B16: 10133672

Sheet Citron
B1: Grayscale | D1: Red | F1: Green | H1: Blue
A2: Name | B2: Entropy total | C2: Entropy Average | D2: Entropy total | E2: Entropy Average | F2: Entropy total | G2: Entropy Average | H2: Entropy total | I2: Entropy Average
A3: Order: ScanLine | B3: 5343976 | C3: 5.1 | D3: 5562279 | E3: 5.3 | F3: 5423593 | G3: 5.17 | H3: 5814329 | I3: 5.54
A4: Order: ZigZag scan | B4: 5325216 | C4: 5.08 | D4: 5543281 | E4: 5.29 | F4: 5404799 | G4: 5.15 | H4: 5798945 | I4: 5.53
A5: Order: Rectangle Spiral | B5: 5382418 | C5: 5.13 | D5: 5602735 | E5: 5.34 | F5: 5458759 | G5: 5.21 | H5: 5860891 | I5: 5.59
A6: Order: Z-order Curve | B6: 6157746 | C6: 5.87 | D6: 6198505 | E6: 5.91 | F6: 6175586 | G6: 5.89 | H6: 6250886 | I6: 5.96
A7: Order: Peano Curve | B7: 5803767 | C7: 5.53 | D7: 5949931 | E7: 5.67 | F7: 5860389 | G7: 5.59 | H7: 6135138 | I7: 5.85
A8: Order: Hilbert Curve | B8: 5731874 | C8: 5.47 | D8: 5803095 | E8: 5.53 | F8: 5760259 | G8: 5.49 | H8: 5892194 | I8: 5.62
A10: Name | B10: Average Entropy
A11: Order: ScanLine | B11: =AVERAGEA(B3,D3,F3,H3) -> 5536044.2
A12: Order: ZigZag scan | B12: =AVERAGEA(B4,D4,F4,H4) -> 5518060.2
A13: Order: Rectangle Spiral | B13: =AVERAGEA(B5,D5,F5,H5) -> 5576200.8
A14: Order: Z-order Curve | B14: =AVERAGEA(B6,D6,F6,H6) -> 6195680.8
A15: Order: Peano Curve | B15: =AVERAGEA(B7,D7,F7,H7) -> 5937306.2
A16: Order: Hilbert Curve | B16: =AVERAGEA(B8,D8,F8,H8) -> 5796855.5

Sheet masa512
B1: Grayscale | D1: Red | F1: Green | H1: Blue
A2: Name | B2: Entropy total | C2: Entropy Average | D2: Entropy total | E2: Entropy Average | F2: Entropy total | G2: Entropy Average | H2: Entropy total | I2: Entropy Average
A3: Order: ScanLine | B3: 1348067 | C3: 5.14 | D3: 1348067 | E3: 5.14 | F3: 1348067 | G3: 5.14 | H3: 1348067 | I3: 5.14
A4: Order: ZigZag scan | B4: 1340290 | C4: 5.11 | D4: 1340290 | E4: 5.11 | F4: 1340290 | G4: 5.11 | H4: 1340290 | I4: 5.11
A5: Order: Rectangle Spiral | B5: 1359970 | C5: 5.19 | D5: 1359970 | E5: 5.19 | F5: 1359970 | G5: 5.19 | H5: 1359970 | I5: 5.19
A6: Order: Z-order Curve | B6: 1653481 | C6: 6.31 | D6: 1653481 | E6: 6.31 | F6: 1653481 | G6: 6.31 | H6: 1653481 | I6: 6.31
A7: Order: Peano Curve | B7: 1504435 | C7: 5.74 | D7: 1504435 | E7: 5.74 | F7: 1504435 | G7: 5.74 | H7: 1504435 | I7: 5.74
A8: Order: Hilbert Curve | B8: 1488823 | C8: 5.68 | D8: 1488823 | E8: 5.68 | F8: 1488823 | G8: 5.68 | H8: 1488823 | I8: 5.68
A10: Name | B10: Average Entropy
A11: Order: ScanLine | B11: =AVERAGEA(B3,D3,F3,H3) -> 1348067
A12: Order: ZigZag scan | B12: =AVERAGEA(B4,D4,F4,H4) -> 1340290
A13: Order: Rectangle Spiral | B13: =AVERAGEA(B5,D5,F5,H5) -> 1359970
A14: Order: Z-order Curve | B14: =AVERAGEA(B6,D6,F6,H6) -> 1653481
A15: Order: Peano Curve | B15: =AVERAGEA(B7,D7,F7,H7) -> 1504435
A16: Order: Hilbert Curve | B16: =AVERAGEA(B8,D8,F8,H8) -> 1488823

Sheet poupe.jpg
B1: Grayscale | D1: Red | F1: Green | H1: Blue
A2: Name | B2: Entropy total | C2: Entropy Average | D2: Entropy total | E2: Entropy Average | F2: Entropy total | G2: Entropy Average | H2: Entropy total | I2: Entropy Average
A3: Order: ScanLine | B3: 8837384 | C3: 3.24 | D3: 8628140 | E3: 3.16 | F3: 9316289 | G3: 3.42 | H3: 8548252 | I3: 3.14
A4: Order: ZigZag scan | B4: 8819997 | C4: 3.23 | D4: 8616617 | E4: 3.16 | F4: 9296334 | G4: 3.41 | H4: 8540437 | I4: 3.13
A5: Order: Rectangle Spiral | B5: 8810848 | C5: 3.23 | D5: 8607505 | E5: 3.16 | F5: 9286987 | G5: 3.41 | H5: 8537066 | I5: 3.13
A6: Order: Z-order Curve | B6: 10499862 | C6: 3.85 | D6: 10001141 | E6: 3.67 | F6: 11021534 | G6: 4.04 | H6: 9779334 | I6: 3.59
A7: Order: Peano Curve | B7: 9398294 | C7: 3.45 | D7: 9084122 | E7: 3.33 | F7: 9921470 | G7: 3.64 | H7: 8943498 | I7: 3.28
A8: Order: Hilbert Curve | B8: 9252141 | C8: 3.39 | D8: 8941214 | E8: 3.28 | F8: 9735235 | G8: 3.57 | H8: 8804817 | I8: 3.23
A10: Name | B10: Average Entropy
A11: Order: ScanLine | B11: =AVERAGEA(B3,D3,F3,H3) -> 8832516.2
A12: Order: ZigZag scan | B12: =AVERAGEA(B4,D4,F4,H4) -> 8818346.2
A13: Order: Rectangle Spiral | B13: =AVERAGEA(B5,D5,F5,H5) -> 8810601.5
A14: Order: Z-order Curve | B14: =AVERAGEA(B6,D6,F6,H6) -> 10325468
A15: Order: Peano Curve | B15: =AVERAGEA(B7,D7,F7,H7) -> 9336846
A16: Order: Hilbert Curve | B16: =AVERAGEA(B8,D8,F8,H8) -> 9183351.8

Sheet zmrzka.jpg
B1: Grayscale | D1: Red | F1: Green | H1: Blue
A2: Name | B2: Entropy total | C2: Entropy Average | D2: Entropy total | E2: Entropy Average | F2: Entropy total | G2: Entropy Average | H2: Entropy total | I2: Entropy Average
A3: Order: ScanLine | B3: 9234576 | C3: 5.03 | D3: 9368640 | E3: 5.11 | F3: 9281987 | G3: 5.06 | H3: 9382665 | I3: 5.11
A4: Order: ZigZag scan | B4: 9225764 | C4: 5.03 | D4: 9359508 | E4: 5.1 | F4: 9273226 | G4: 5.05 | H4: 9374399 | I4: 5.11
A5: Order: Rectangle Spiral | B5: 9583501 | C5: 5.22 | D5: 9722422 | E5: 5.3 | F5: 9629716 | G5: 5.25 | H5: 9734028 | I5: 5.3
A6: Order: Z-order Curve | B6: 11019174 | C6: 6 | D6: 11059856 | E6: 6.03 | F6: 11021158 | G6: 6.01 | H6: 11017051 | I6: 6
A7: Order: Peano Curve | B7: 10415023 | C7: 5.68 | D7: 10541535 | E7: 5.74 | F7: 10436368 | G7: 5.69 | H7: 10484003 | I7: 5.71
A8: Order: Hilbert Curve | B8: 10246451 | C8: 5.58 | D8: 10300785 | E8: 5.61 | F8: 10258832 | G8: 5.59 | H8: 10284662 | I8: 5.6
A10: Name | B10: Average Entropy
A11: Order: ScanLine | B11: =AVERAGEA(B3,D3,F3,H3) -> 9316967
A12: Order: ZigZag scan | B12: =AVERAGEA(B4,D4,F4,H4) -> 9308224.2
A13: Order: Rectangle Spiral | B13: =AVERAGEA(B5,D5,F5,H5) -> 9667416.8
A14: Order: Z-order Curve | B14: =AVERAGEA(B6,D6,F6,H6) -> 11029310
A15: Order: Peano Curve | B15: =AVERAGEA(B7,D7,F7,H7) -> 10469232
A16: Order: Hilbert Curve | B16: =AVERAGEA(B8,D8,F8,H8) -> 10272682

Sheet egsr1.png
B1: Grayscale | D1: Red | F1: Green | H1: Blue
A2: Name | B2: Entropy total | C2: Entropy Average | D2: Entropy total | E2: Entropy Average | F2: Entropy total | G2: Entropy Average | H2: Entropy total | I2: Entropy Average
A3: Order: ScanLine | B3: 4613532 | C3: 3.51 | D3: 4613532 | E3: 3.51 | F3: 4613532 | G3: 3.51 | H3: 4613532 | I3: 3.51
A4: Order: ZigZag scan | B4: 4593812 | C4: 3.5 | D4: 4593812 | E4: 3.5 | F4: 4593812 | G4: 3.5 | H4: 4593812 | I4: 3.5
A5: Order: Rectangle Spiral | B5: 4587079 | C5: 3.49 | D5: 4587079 | E5: 3.49 | F5: 4587079 | G5: 3.49 | H5: 4587079 | I5: 3.49
A6: Order: Z-order Curve | B6: 6015469 | C6: 4.58 | D6: 6015469 | E6: 4.58 | F6: 6015469 | G6: 4.58 | H6: 6015469 | I6: 4.58
A7: Order: Peano Curve | B7: 5232951 | C7: 3.98 | D7: 5232951 | E7: 3.98 | F7: 5232951 | G7: 3.98 | H7: 5232951 | I7: 3.98
A8: Order: Hilbert Curve | B8: 5189277 | C8: 3.95 | D8: 5189277 | E8: 3.95 | F8: 5189277 | G8: 3.95 | H8: 5189277 | I8: 3.95
A10: Name | B10: Average Entropy
A11: Order: ScanLine | B11: =AVERAGEA(B3,D3,F3,H3) -> 4613532
A12: Order: ZigZag scan | B12: =AVERAGEA(B4,D4,F4,H4) -> 4593812
A13: Order: Rectangle Spiral | B13: =AVERAGEA(B5,D5,F5,H5) -> 4587079
A14: Order: Z-order Curve | B14: =AVERAGEA(B6,D6,F6,H6) -> 6015469
A15: Order: Peano Curve | B15: =AVERAGEA(B7,D7,F7,H7) -> 5232951
A16: Order: Hilbert Curve | B16: =AVERAGEA(B8,D8,F8,H8) -> 5189277

Sheet bottles
B1: Grayscale | D1: Red | F1: Green | H1: Blue
A2: Name | B2: Entropy total | C2: Entropy Average | D2: Entropy total | E2: Entropy Average | F2: Entropy total | G2: Entropy Average | H2: Entropy total | I2: Entropy Average
A3: Order: ScanLine | B3: 4081191 | C3: 2.59 | D3: 4280209 | E3: 2.72 | F3: 4200342 | G3: 2.67 | H3: 4355513 | I3: 2.77
A4: Order: ZigZag scan | B4: 4057346 | C4: 2.58 | D4: 4256475 | E4: 2.71 | F4: 4176546 | G4: 2.66 | H4: 4332065 | I4: 2.75
A5: Order: Rectangle Spiral | B5: 4124460 | C5: 2.62 | D5: 4328096 | E5: 2.75 | F5: 4242657 | G5: 2.7 | H5: 4406380 | I5: 2.8
A6: Order: Z-order Curve | B6: 4894250 | C6: 3.11 | D6: 4958233 | E6: 3.15 | F6: 4942011 | G6: 3.14 | H6: 4983345 | I6: 3.17
A7: Order: Peano Curve | B7: 4770710 | C7: 3.03 | D7: 4951460 | E7: 3.15 | F7: 4874729 | G7: 3.1 | H7: 5023220 | I7: 3.19
A8: Order: Hilbert Curve | B8: 4470410 | C8: 2.84 | D8: 4568734 | E8: 2.9 | F8: 4534984 | G8: 2.88 | H8: 4605027 | I8: 2.93
A10: Name | B10: Average Entropy
A11: Order: ScanLine | B11: =AVERAGEA(B3,D3,F3,H3) -> 4229313.8
A12: Order: ZigZag scan | B12: =AVERAGEA(B4,D4,F4,H4) -> 4205608
A13: Order: Rectangle Spiral | B13: =AVERAGEA(B5,D5,F5,H5) -> 4275398.2
A14: Order: Z-order Curve | B14: =AVERAGEA(B6,D6,F6,H6) -> 4944459.8
A15: Order: Peano Curve | B15: =AVERAGEA(B7,D7,F7,H7) -> 4905029.8
A16: Order: Hilbert Curve | B16: =AVERAGEA(B8,D8,F8,H8) -> 4544788.8

Sheet bottlesRotated
B1: Grayscale | D1: Red | F1: Green | H1: Blue
A2: Name | B2: Entropy total | C2: Entropy Average | D2: Entropy total | E2: Entropy Average | F2: Entropy total | G2: Entropy Average | H2: Entropy total | I2: Entropy Average
A3: Order: ScanLine | B3: 4392549 | C3: 2.79 | D3: 4603211 | E3: 2.93 | F3: 4495941 | G3: 2.86 | H3: 4676802 | I3: 2.97
A4: Order: ZigZag scan | B4: 4367633 | C4: 2.78 | D4: 4578106 | E4: 2.91 | F4: 4471163 | G4: 2.84 | H4: 4652110 | I4: 2.96
A5: Order: Rectangle Spiral | B5: 4195414 | C5: 2.67 | D5: 4392532 | E5: 2.79 | F5: 4308883 | G5: 2.74 | H5: 4469091 | I5: 2.84
A6: Order: Z-order Curve | B6: 5221931 | C6: 3.32 | D6: 5282907 | E6: 3.36 | F6: 5268076 | G6: 3.35 | H6: 5304779 | I6: 3.37
A7: Order: Peano Curve | B7: 4686891 | C7: 2.98 | D7: 4860629 | E7: 3.09 | F7: 4792857 | G7: 3.05 | H7: 4932463 | I7: 3.14
A8: Order: Hilbert Curve | B8: 4532944 | C8: 2.88 | D8: 4626970 | E8: 2.94 | F8: 4594707 | G8: 2.92 | H8: 4662495 | I8: 2.96
A10: Name | B10: Average Entropy
A11: Order: ScanLine | B11: =AVERAGEA(B3,D3,F3,H3) -> 4542125.8
A12: Order: ZigZag scan | B12: =AVERAGEA(B4,D4,F4,H4) -> 4517253
A13: Order: Rectangle Spiral | B13: =AVERAGEA(B5,D5,F5,H5) -> 4341480
A14: Order: Z-order Curve | B14: =AVERAGEA(B6,D6,F6,H6) -> 5269423.2
A15: Order: Peano Curve | B15: =AVERAGEA(B7,D7,F7,H7) -> 4818210
A16: Order: Hilbert Curve | B16: =AVERAGEA(B8,D8,F8,H8) -> 4604279
